fips,county_name,poverty_rate,median_hh_income,unemployment_rate,snap_rate,rent_burden_rate,pct_no_hs,pct_hs_grad,pct_bachelor_plus,uninsured_rate
17001,"Adams County, Illinois",12.84,66220,3.87,12.35,36.98,0.53,30.27,27.46,4.4
17003,"Alexander County, Illinois",19.02,47043,6.48,26.84,15.46,0.83,37.23,12.55,9.5
17005,"Bond County, Illinois",10.88,65959,4.54,12.9,28.58,0.39,27.88,21.62,3.6
17007,"Boone County, Illinois",9.93,84571,7.36,14.29,42.71,3.01,24.78,23.64,5.6
17009,"Brown County, Illinois",9.25,67917,3.06,12.1,38.19,0.73,31.79,12.58,2.1
17011,"Bureau County, Illinois",10.76,69257,4.26,13.47,29.59,1.26,29.54,21.66,5.4
17013,"Calhoun County, Illinois",6.31,93203,3.24,7.67,23.57,0.39,32.59,20.12,2.4
17015,"Carroll County, Illinois",14.2,60758,3.06,15.14,33.84,1.38,31.75,17.75,5.8
17017,"Cass County, Illinois",11.09,68125,4.21,14.72,26.01,3.48,35.52,20.76,7.7
17019,"Champaign County, Illinois",19.07,63683,4.29,9.08,47.56,0.91,19.07,46.18,5.2
17021,"Christian County, Illinois",10.19,62611,4.57,15.28,29.53,0.91,39.91,17.14,3.9
17023,"Clark County, Illinois",9.15,72927,3.71,13.41,43.73,0.5,30.32,24.92,4.7
17025,"Clay County, Illinois",17.51,60417,4.84,18.51,19.73,1.33,31.45,13.1,5.1
17027,"Clinton County, Illinois",7.37,86588,3.41,9,32.8,0.48,26.47,25.86,4.8
17029,"Coles County, Illinois",18.7,56478,6.1,18.95,40.39,1.49,25.82,26.9,7.1
17031,"Cook County, Illinois",13.49,83498,7,15.67,45.97,2.5,18.96,42.72,8.9
17033,"Crawford County, Illinois",12.09,71674,3,13.75,28.97,0.51,24.61,20.6,5.3
17035,"Cumberland County, Illinois",9.09,73327,1.35,9.22,30.97,0.56,32.33,19.58,5.3
17037,"DeKalb County, Illinois",14.8,70724,6.8,14.73,53.6,1.24,22.5,32.95,5.1
17039,"De Witt County, Illinois",9.97,71678,3.96,13.09,31.29,1.01,34.75,23.2,3.2
17041,"Douglas County, Illinois",8.47,77320,2.52,12.43,28.54,1.14,28.88,20.86,15.4
17043,"DuPage County, Illinois",6.56,112096,4.93,7.42,42.61,1.8,15.8,51.84,5.2
17045,"Edgar County, Illinois",12,59941,4.37,19.29,31.19,1.47,33.41,20.39,5.4
17047,"Edwards County, Illinois",16.49,60519,5.57,17.14,37.75,0.77,29.19,13.95,6
17049,"Effingham County, Illinois",10.11,80404,2.08,12.16,30.12,0.48,26.54,26.88,5.3
17051,"Fayette County, Illinois",15.47,60944,3.77,11.63,40.2,1.55,33.05,17.18,7.3
17053,"Ford County, Illinois",12.42,62439,5.46,14.45,38.14,1.83,31.85,18.86,5.7
17055,"Franklin County, Illinois",17.51,56740,7.65,25.85,42.97,1.23,25.3,15.76,7.3
17057,"Fulton County, Illinois",13.16,60599,6.66,17.35,37.99,0.49,31.28,18.47,3.7
17059,"Gallatin County, Illinois",13.58,59219,9.16,21.83,25.11,0.59,31.11,13.6,4.6
17061,"Greene County, Illinois",14.26,62192,4.86,15.48,28.07,0.75,39.33,18.97,4.1
17063,"Grundy County, Illinois",5.99,92235,4.57,10.93,38.17,1.05,30.24,23.57,3.4
17065,"Hamilton County, Illinois",12.08,65746,5.13,15.23,16.38,0.43,26.59,21.02,7.6
17067,"Hancock County, Illinois",12.27,65865,4.22,13.27,35.51,0.5,29.58,25.11,5.7
17069,"Hardin County, Illinois",10.96,54271,2.76,18.51,7.28,0.48,35.22,13.28,3.7
17071,"Henderson County, Illinois",13.94,62227,7.8,13.83,25.44,0.09,37.03,20.64,2.6
17073,"Henry County, Illinois",8.91,71911,4.83,13.3,35.15,1.22,29.18,24.74,4
17075,"Iroquois County, Illinois",12.5,66255,4.47,14.18,36.78,1.56,32.04,18.2,6
17077,"Jackson County, Illinois",20.99,48763,7.45,18.48,46.41,0.82,17.57,36.31,6.3
17079,"Jasper County, Illinois",11.06,74755,4.18,14,18.56,0.12,29.41,20.92,5
17081,"Jefferson County, Illinois",13.53,63118,5.77,17.12,37.1,0.66,27.99,18.17,7.2
17083,"Jersey County, Illinois",8.83,80361,3.4,11.86,33.68,0.55,30.53,22.64,5
17085,"Jo Daviess County, Illinois",7.84,73993,3.59,8.41,37.42,1.52,26.91,28.91,4.7
17087,"Johnson County, Illinois",17.58,62528,3.48,12.92,34.64,0.82,21.76,19.56,8.1
17089,"Kane County, Illinois",7.91,103163,4.79,10.96,47.63,2.84,19.56,38.06,7.8
17091,"Kankakee County, Illinois",12.2,71281,4.93,15.93,42.74,1.43,30.53,21.18,5.7
17093,"Kendall County, Illinois",5.42,111601,4.34,8.61,51.21,1.29,20.42,36.94,4
17095,"Knox County, Illinois",14.57,57030,5.09,15.43,48.68,1.34,26.74,20.97,5
17097,"Lake County, Illinois",8.34,110416,5.03,9.35,45.93,2.36,16.61,47.71,6.9
17099,"LaSalle County, Illinois",13.91,73045,5.35,14.83,39.83,1.47,29.41,20.49,4
17101,"Lawrence County, Illinois",14.49,55324,8.1,14.71,27.13,0.42,27.05,14.95,6.6
17103,"Lee County, Illinois",11.82,70292,5.21,15.36,38.77,1.05,29.76,19.37,3.8
17105,"Livingston County, Illinois",10.52,73790,3.46,14.68,31.61,1.09,33,18.99,5.2
17107,"Logan County, Illinois",13.13,66358,3.98,18.36,41.49,0.4,33.94,20.91,2.6
17109,"McDonough County, Illinois",17.2,52795,7.86,14.17,44.13,0.52,27.43,31.41,7.4
17111,"McHenry County, Illinois",6.23,104802,4.69,7.38,47.93,1.1,23.52,35.23,4.5
17113,"McLean County, Illinois",12.91,79905,3.07,10.32,40.46,0.85,19.24,47.22,4.6
17115,"Macon County, Illinois",14.99,62666,6.77,19.77,35.08,0.97,32.74,24.39,4.1
17117,"Macoupin County, Illinois",13.06,70805,3.67,15.43,33.39,0.92,34.8,20.27,4.1
17119,"Madison County, Illinois",11.06,75793,4.58,13.74,43.52,0.72,23.39,31.01,4.7
17121,"Marion County, Illinois",15.37,61240,5.86,19.81,37.82,0.91,29.38,16.76,6.4
17123,"Marshall County, Illinois",11.43,71585,3.81,13.49,36.29,0.6,34.12,18.02,3.5
17125,"Mason County, Illinois",14.83,62845,4.86,15.53,45.86,0.62,32.27,17.05,3.9
17127,"Massac County, Illinois",16.27,65116,3.85,17.06,38.53,1.81,28.69,17.05,7.8
17129,"Menard County, Illinois",10.12,82176,3.52,14.52,48.14,0.81,28.93,28.29,2.2
17131,"Mercer County, Illinois",8.92,74182,3.15,9.93,34.62,0.89,32.07,20.88,4.6
17133,"Monroe County, Illinois",5.02,102880,1.92,4.44,44.14,0.13,20.83,38.66,2.5
17135,"Montgomery County, Illinois",12.6,63620,4.73,15.43,39.16,0.51,34.49,18.31,4.5
17137,"Morgan County, Illinois",13.42,66306,5.37,16.24,31.1,1.71,33.59,22.59,4.4
17139,"Moultrie County, Illinois",9.16,71784,2.17,11.83,30.14,0.34,29.24,18.96,14.1
17141,"Ogle County, Illinois",8.36,82132,5.04,10.72,34.89,1.13,28.44,24.28,4.1
17143,"Peoria County, Illinois",15.67,65108,6.16,17.99,42.95,1.15,23.17,34.87,5.8
17145,"Perry County, Illinois",16.94,62118,4.55,18.97,37.18,0.48,24.85,13.67,3.5
17147,"Piatt County, Illinois",6.14,94811,2.78,6.25,26.79,0.14,30.5,32.89,3.3
17149,"Pike County, Illinois",14.85,59777,3.94,15.94,32.86,1.18,37.63,18.49,5.7
17151,"Pope County, Illinois",13.31,60050,2.79,9.1,24.21,2.71,33.44,15.67,3.1
17153,"Pulaski County, Illinois",24.98,42463,4.28,22.89,22.73,0.7,35.56,13,4.7
17155,"Putnam County, Illinois",8.09,75590,4.17,8.32,25.6,0.48,31.75,22.86,3
17157,"Randolph County, Illinois",14.63,68131,5.04,12.88,38.33,1.39,31.33,15.25,5.3
17159,"Richland County, Illinois",12.08,62455,3.12,15.74,34.36,0.68,27.84,19.08,6.1
17161,"Rock Island County, Illinois",15.5,67159,5.58,15.95,43.29,1.9,25.23,24.72,6.1
17163,"St. Clair County, Illinois",13.58,73854,5.77,16.16,44.47,1.24,22.14,31.8,5.1
17165,"Saline County, Illinois",18.94,53117,7.73,26.16,42.66,1.7,25.2,19.61,5.4
17167,"Sangamon County, Illinois",13.11,75357,5.4,15.46,41.5,0.67,23.94,36.61,3.6
17169,"Schuyler County, Illinois",20.77,65948,4.95,11.63,32.38,0.87,31.81,19.07,10.4
17171,"Scott County, Illinois",11.46,66705,2.72,16.23,19.77,0.28,40.7,21.52,5.5
17173,"Shelby County, Illinois",9.15,72095,3.01,13.96,28.03,0.31,35.42,18.32,4.4
17175,"Stark County, Illinois",11.05,62878,2.33,11.55,36.56,0.63,31.88,21.43,5.8
17177,"Stephenson County, Illinois",13.93,64043,4.32,17,39.03,1.03,27.44,20.71,5.2
17179,"Tazewell County, Illinois",9.02,77982,3.57,10.37,39.39,0.66,25.71,28.39,5.1
17181,"Union County, Illinois",20.22,55728,3.93,17.34,44.67,1.12,27.79,20.94,6.4
17183,"Vermilion County, Illinois",17.67,56877,6.14,19.54,41.73,1.05,31.53,19.23,4.9
17185,"Wabash County, Illinois",16.69,57086,4.37,20.38,33.42,0.67,26.74,18.59,4.2
17187,"Warren County, Illinois",14.63,67385,3.59,15.96,28.77,1.75,29.49,21.97,5
17189,"Washington County, Illinois",7.53,78224,4.35,9.47,21.82,1.26,25.57,23.47,3.4
17191,"Wayne County, Illinois",16.12,55521,3.42,14,32.48,0.71,28.81,16.25,12.1
17193,"White County, Illinois",16.37,54813,3.96,18.71,31.15,0.81,28.02,18.29,4.9
17195,"Whiteside County, Illinois",11.98,67500,4.35,14.07,39.8,1.45,31.68,20.45,5
17197,"Will County, Illinois",7.33,109984,4.92,10.09,47.17,1.72,21.87,37.49,5.2
17199,"Williamson County, Illinois",13.75,65604,4.98,16.62,42.82,0.87,24.26,26.25,4.6
17201,"Winnebago County, Illinois",15.62,65837,7.25,20.45,46.88,1.6,24.48,25.22,6.2
17203,"Woodford County, Illinois",7.03,91483,3.5,5.45,39.55,0.56,23.66,35.92,5.2
