fips,county_name,svi_overall,svi_socioeco,svi_hh_char,svi_minority,svi_housing,pct_poverty,pct_unemp_svi,pct_uninsured_svi
17001,Adams County,0.2965,0.1343,0.4849,0.2628,0.6481,21.1,3.9,4.8
17003,Alexander County,0.8941,0.9052,0.8521,0.7423,0.7509,34.2,9.3,11
17005,Bond County,0.5253,0.3159,0.2167,0.3888,0.9736,24.3,4.3,4.4
17007,Boone County,0.4655,0.5189,0.6465,0.658,0.174,16.4,7.7,5.7
17009,Brown County,0.4753,0.2469,0.2199,0.6013,0.9144,23.2,2.1,5
17011,Bureau County,0.3544,0.4069,0.5644,0.4057,0.1973,21.4,5.7,6.5
17013,Calhoun County,0.0541,0.043,0.2297,0.0474,0.188,12.1,4.1,1.2
17015,Carroll County,0.2304,0.3271,0.1133,0.3118,0.3519,18.8,4.9,6.6
17017,Cass County,0.4998,0.3519,0.8148,0.6277,0.356,23,5.4,4.5
17019,Champaign County,0.4658,0.4388,0.0395,0.7226,0.8269,26.6,4.8,4.9
17021,Christian County,0.1966,0.2329,0.2173,0.1508,0.3509,20.8,4.4,4.4
17023,Clark County,0.0745,0.1553,0.1642,0.015,0.1238,17.5,4,4.8
17025,Clay County,0.5813,0.5196,0.8673,0.0407,0.5956,26.4,6,6.4
17027,Clinton County,0.1168,0.0754,0.0951,0.2444,0.4664,14.9,3,5.4
17029,Coles County,0.5574,0.6892,0.0566,0.2984,0.8941,28.3,6.9,6.9
17031,Cook County,0.7964,0.7754,0.3926,0.9138,0.8298,21.1,7.1,9
17033,Crawford County,0.1919,0.1709,0.1635,0.2587,0.4467,17.9,3.3,6.2
17035,Cumberland County,0.015,0.0347,0.1511,0.0191,0.0318,16,1.9,5.9
17037,DeKalb County,0.5523,0.5087,0.2329,0.6166,0.7604,21.9,7,4.4
17039,De Witt County,0.0493,0.1941,0.0751,0.0881,0.0538,20.2,5.4,4
17041,Douglas County,0.4578,0.447,0.4454,0.3322,0.5492,18.1,3,17.1
17043,DuPage County,0.2284,0.1632,0.1667,0.7296,0.3579,10.7,4.7,5.2
17045,Edgar County,0.343,0.3067,0.3875,0.0099,0.6402,23.6,4.6,5.1
17047,Edwards County,0.3058,0.3789,0.8632,0.0299,0.1037,22.8,6.7,7
17049,Effingham County,0.2081,0.0452,0.6032,0.0455,0.6169,17.4,2.5,5.3
17051,Fayette County,0.5644,0.4391,0.6207,0.3118,0.7789,24,3.8,7.9
17053,Ford County,0.3824,0.3449,0.5667,0.2536,0.4263,20.8,4.7,6.6
17055,Franklin County,0.4871,0.6704,0.4948,0.0579,0.4025,30.3,6.7,6.9
17057,Fulton County,0.2106,0.4343,0.0754,0.2109,0.2399,24.4,6.8,4.2
17059,Gallatin County,0.4521,0.4572,0.8078,0.0932,0.3408,29.3,7.8,2.9
17061,Greene County,0.1044,0.2043,0.3996,0.0099,0.0592,23.4,3.4,5.5
17063,Grundy County,0.0773,0.0865,0.2043,0.4518,0.0891,12.2,4.2,3.4
17065,Hamilton County,0.3029,0.4213,0.6507,0.0474,0.1794,25.2,4.4,7
17067,Hancock County,0.0885,0.1285,0.5577,0.0474,0.0484,21.5,4.7,4.9
17069,Hardin County,0.2383,0.1696,0.5301,0.0073,0.4588,22.3,2.6,5.2
17071,Henderson County,0.0391,0.1543,0.1438,0.0821,0.0204,17.4,7.9,2.1
17073,Henry County,0.126,0.0916,0.447,0.3388,0.1339,15.5,4.5,4.3
17075,Iroquois County,0.2673,0.4092,0.6456,0.3388,0.0573,22.2,4.9,5.9
17077,Jackson County,0.8479,0.8225,0.3452,0.6316,0.9863,36.4,8.1,7.1
17079,Jasper County,0.0875,0.1352,0.3239,0.0115,0.1139,16.7,4.9,5.6
17081,Jefferson County,0.7117,0.503,0.8164,0.4445,0.8406,22.8,6.5,7.1
17083,Jersey County,0.0318,0.0541,0.1152,0.0407,0.0986,15.1,3.4,4.4
17085,Jo Daviess County,0.076,0.092,0.272,0.1276,0.1295,15.2,2.7,4.7
17087,Johnson County,0.3834,0.2969,0.3716,0.503,0.5259,22.7,2.9,7
17089,Kane County,0.5084,0.4823,0.5033,0.8263,0.3427,14.3,5,7.9
17091,Kankakee County,0.7241,0.5695,0.7206,0.6656,0.7652,23.6,5.2,5.6
17093,Kendall County,0.0996,0.0694,0.4537,0.7251,0.0331,7.8,4.3,4
17095,Knox County,0.644,0.6074,0.4397,0.504,0.7731,27.4,4.9,5.6
17097,Lake County,0.475,0.3086,0.3847,0.7941,0.6118,13.5,5,6.8
17099,LaSalle County,0.3894,0.301,0.5142,0.4588,0.4556,19.6,5.4,4.3
17101,Lawrence County,0.5657,0.6039,0.4995,0.434,0.5533,24,7.8,8.2
17103,Lee County,0.3777,0.2501,0.3745,0.4222,0.6332,20.1,3.5,3.7
17105,Livingston County,0.328,0.1842,0.5301,0.3248,0.5606,19.1,3.7,4.6
17107,Logan County,0.2921,0.1912,0.1409,0.3847,0.7238,18.2,5.2,3.4
17109,McDonough County,0.539,0.6672,0.0646,0.3847,0.8123,31.3,8,6.1
17111,McHenry County,0.0923,0.1403,0.2431,0.5472,0.041,9.9,4.9,4.9
17113,McLean County,0.1903,0.1168,0.0573,0.552,0.6029,20.2,3.2,4.5
17115,Macon County,0.5396,0.3971,0.511,0.6102,0.6755,23.6,7.2,4.8
17117,Macoupin County,0.1161,0.2386,0.2561,0.0525,0.1009,22.7,4.6,4.1
17119,Madison County,0.2561,0.2663,0.3175,0.4658,0.2625,18.7,5.2,5.1
17121,Marion County,0.6036,0.567,0.721,0.2816,0.6204,26.2,8.1,6.6
17123,Marshall County,0.0894,0.1467,0.2536,0.1572,0.0993,20,4.2,4.1
17125,Mason County,0.1254,0.2568,0.1823,0.021,0.1409,21.9,5.2,4.9
17127,Massac County,0.5625,0.5476,0.6389,0.3977,0.5444,26.7,3.7,7.9
17129,Menard County,0.0283,0.0522,0.3834,0.0474,0.0162,15.5,4.9,2.5
17131,Mercer County,0.064,0.1419,0.2762,0.0932,0.048,19.3,3.3,5.3
17133,Monroe County,0.001,0.0016,0.0465,0.0299,0.0083,7.5,1.7,2.1
17135,Montgomery County,0.3191,0.343,0.1492,0.1861,0.6382,21.6,5.6,4.8
17137,Morgan County,0.4935,0.5052,0.3156,0.3563,0.6421,23.8,6.4,4.4
17139,Moultrie County,0.4827,0.3926,0.4298,0.0229,0.8476,17.2,4.1,13.9
17141,Ogle County,0.3131,0.2539,0.5982,0.4378,0.28,17.2,6,4.9
17143,Peoria County,0.6656,0.5444,0.6446,0.6923,0.7041,24.3,6.6,6.3
17145,Perry County,0.6001,0.4677,0.545,0.4057,0.8263,26,6.1,3.9
17147,Piatt County,0.0045,0.0745,0.042,0.0299,0.0086,12.4,4.7,3.9
17149,Pike County,0.2771,0.2988,0.8091,0.0337,0.1581,23.6,4.7,5.9
17151,Pope County,0.3277,0.391,0.2657,0.3086,0.4114,23.5,9.1,4
17153,Pulaski County,0.6357,0.5256,0.7111,0.749,0.5428,36.8,4.2,6.9
17155,Putnam County,0.0048,0.014,0.2269,0.2536,0.0032,11.5,3.2,3.1
17157,Randolph County,0.4897,0.3077,0.6322,0.3939,0.6869,20.2,5.2,4.9
17159,Richland County,0.413,0.189,0.8995,0.0881,0.5577,22.3,4.2,5.8
17161,Rock Island County,0.7556,0.5816,0.8482,0.6701,0.7385,23.5,6.2,6.3
17163,St. Clair County,0.532,0.4438,0.5902,0.7821,0.4505,20.7,5.7,5.4
17165,Saline County,0.6557,0.5934,0.7372,0.2109,0.7506,27.8,5.9,5.6
17167,Sangamon County,0.4041,0.2437,0.4531,0.546,0.5978,19.8,5.2,3.8
17169,Schuyler County,0.4957,0.4674,0.7719,0.2323,0.4238,25.3,6.7,9.6
17171,Scott County,0.0512,0.0652,0.4976,0.0264,0.0455,18.2,2.9,5
17173,Shelby County,0.1069,0.0935,0.259,0.0099,0.2953,18.9,4,4.4
17175,Stark County,0.0579,0.2059,0.2351,0.1457,0.014,19.2,3.3,5.7
17177,Stephenson County,0.5218,0.4668,0.6621,0.5119,0.4537,23.3,5.3,6.1
17179,Tazewell County,0.1085,0.1075,0.1311,0.1572,0.3204,16,3.9,4.9
17181,Union County,0.602,0.6631,0.4378,0.265,0.7063,27.1,6.3,6.4
17183,Vermilion County,0.6806,0.5116,0.8231,0.5679,0.6904,27.4,6.7,5
17185,Wabash County,0.4209,0.2294,0.7712,0.1928,0.6045,24.7,4.4,5.6
17187,Warren County,0.5441,0.4661,0.7143,0.4973,0.4948,23.2,7.3,6
17189,Washington County,0.0347,0.0885,0.1168,0.0379,0.0585,14.8,4.7,3.2
17191,Wayne County,0.4843,0.4811,0.6468,0.0229,0.5772,25.7,3.6,11.6
17193,White County,0.3999,0.4209,0.6577,0.0191,0.4193,26.9,3.5,7.2
17195,Whiteside County,0.3236,0.2669,0.7652,0.4814,0.1661,19.3,4.4,5.5
17197,Will County,0.244,0.2062,0.3904,0.7706,0.1559,11.4,5,5.5
17199,Williamson County,0.3948,0.3038,0.6192,0.3388,0.4553,22.2,4.4,5.6
17201,Winnebago County,0.7728,0.7502,0.8591,0.7127,0.5227,26,7.5,6.4
17203,Woodford County,0.0175,0.0515,0.0795,0.0675,0.057,13.6,3.3,4.6
