fips,premature_death,poor_health_days,poor_mental_days,social_associations,voter_turnout,adult_smoking,adult_obesity,food_insecurity
17001,8698.9884441,4.3043865801,5.5525318657,14.986481267,72.49549874,17.8,39.5,12.8
17003,16047.751832,5.1846210092,6.0218123037,14.409221902,77.65607886,22.900000000000002,43,16.6
17005,7669.7806249,4.5186962598,5.5045752145,11.469274417,73.94501278999999,21.6,37.6,14.399999999999999
17007,6935.2202604,4.2820481668,5.3157486757,5.2677126839,83.04359175,17.4,39.5,12.2
17009,5303.189835,4.6496257767,5.4006268108,11.058451817,73.62691737,19.6,40.6,11.5
17011,8700.5588776,4.3779633591,5.4622111557,13.707810406,76.17586182,18.7,37.8,13.100000000000001
17013,9813.6191709,4.0634342302,5.350020217,0,89.11620295,15,34.599999999999994,12
17015,8315.9940702,4.3534492476,5.4604772794,13.523085839,77.75548008999999,15.4,36,12.4
17017,7822.6096051,4.5876193983,5.4494039318,14.221379474,74.91723465999999,17.5,38.5,12.9
17019,7180.1386012,4.1490759076,4.8974265859,11.861994171,53.44903733,16,35.5,12.7
17021,8450.8408721,4.4551307539,5.5632340392,13.159468836,74.27220334,17.4,36.4,13.100000000000001
17023,9614.9137236,4.1759878394,5.469146813,18.385974128,81.70380476,14.799999999999999,35,11.4
17025,8233.1904113,4.7490253388,5.8375747297,17.628573618,80.70336955,19.3,38.3,15.2
17027,5625.5482976,4.1053052063,5.2393147298,13.275894768,79.34038581,15.7,35.3,10.100000000000001
17029,9240.855685,4.5906946658,5.7046444937,14.891872059,60.383575119999996,17.299999999999997,38.5,16.1
17031,8535.8650443,4.0410331407,5.1857119131,7.2025634863,57.50967342,12,32.800000000000004,12.1
17033,7129.2934078,4.3087858542,5.3748085615,15.105740181,80.40750236000001,18.2,36.8,11.799999999999999
17035,7351.9965738,4.1848058388,5.5231404984,10.654784967,83.46889952,16.5,37.2,11.5
17037,7707.8182975,4.1732091463,5.3231000551,10.575464921,60.86127079,14.2,35.699999999999996,12.6
17039,9245.6900913,4.3297167744,5.4894913888,13.063357283,76.844324,16.900000000000002,36.5,11.700000000000001
17041,6967.8380116,4.5448960793,5.7499265787,12.655024045,79.09474492000001,19,36.7,11
17043,4711.3568893,3.3061991767,4.343224807,9.2626677569,73.12823858,9.700000000000001,29.4,9
17045,11162.282879,4.5676444606,5.6913794465,12.170632264,72.66158697,18,37.4,13.4
17047,9576.2678977,4.5702896206,5.7247964884,29.649151705,79.15567282,16.900000000000002,37.2,14.399999999999999
17049,6573.048719,4.1300348833,5.4019899267,15.149308084,78.07555239,14.2,35.5,11.5
17051,7667.6998903,4.6104351737,5.6883843847,15.019948369,80.20939734,16.5,37.2,14.2
17053,9100.8995087,4.3962918125,5.6076823027,15.850252849,74.10963686999999,17.8,38,13
17055,12270.6227,4.8658985022,5.7764445585,14.231244294,74.76751395,20.3,39.6,16.6
17057,8636.7355838,4.5911130246,5.6276572601,15.444716998,77.90965329000001,19,39.300000000000004,13.200000000000001
17059,12280.223352,4.9369318898,5.9266432819,12.358393409,80.39122137,19.900000000000002,38.4,17
17061,10189.970889,4.6129043411,5.7599498665,16.30761308,76.82764732,18.8,37.5,14.000000000000002
17063,7576.1832311,3.8720132521,5.1943477297,8.6725363398,75.8114826,13.200000000000001,35.099999999999994,9.8
17065,8280.8720804,4.6658858139,5.7452348823,23.79759519,78.26865672,18.2,37.8,14.099999999999998
17067,7757.556362,4.3395319436,5.4204817409,21.456738576,81.27744511,15.4,35.099999999999994,13.600000000000001
17069,12840.068621,4.6608547537,5.7511218855,11.120378093,80.72776280000001,20.7,37.8,15.7
17071,8415.4223517,4.2614223686,5.5186008624,11.380263372,85.53719008,17.299999999999997,37.2,11.700000000000001
17073,7545.4596318,4.1071290664,5.5080255898,13.424482125,80.38596318,15.2,34.699999999999996,11.4
17075,9715.0037977,4.5274114564,5.6129547182,14.731991085,78.54054531,17.299999999999997,38.3,13
17077,10751.021623,4.6838125162,5.6749599933,17.294790657,49.32432432,19.1,39,16
17079,6630.7805067,4.1378152692,5.417913349,14.11202779,82.81996814,14.499999999999998,35,11.700000000000001
17081,10088.642367,4.5815603335,5.5983133567,17.032967033,71.85410334,18.4,38.800000000000004,14.2
17083,9795.025836,4.0973609418,5.55545021,10.354890332,77.91833667,17.599999999999998,37.8,10.8
17085,6364.3641937,4.0788619493,5.3896941752,7.8132181267,81.80067405,14.2,34.2,11.1
17087,9590.6166679,4.584252736,5.4568801535,8.2206113146,84.66005323,17.5,36.5,14.000000000000002
17089,6046.1993743,3.8638339638,4.9631474926,7.3709309155,75.74128256,12.1,37.3,10.2
17091,10618.202385,4.5458911962,5.4442820383,9.9930237381,68.77124343,17.1,40.300000000000004,13.4
17093,4542.991685,3.6607468003,4.8688117121,4.8814606496,84.17553789,11.1,36.4,7.6
17095,9889.1719168,4.6013183277,5.6793079876,13.980263158,69.78088129,18.8,38.800000000000004,14.7
17097,5609.8676602,3.5611268308,4.6444671192,7.9249806106,74.40310138000001,13.100000000000001,31.900000000000002,9.9
17099,8942.6861728,4.3562270815,5.464161333,12.676030274,73.91111504999999,16.6,36.6,13.4
17101,9520.841107,4.7223568444,5.6455964933,18.103795092,75.02770595,20.599999999999998,37.8,14.6
17103,7353.8901581,4.327436407,5.3920683357,12.408414087,73.26259154,18.5,37.5,13.3
17105,9425.1686192,4.3327219672,5.3699304928,16.046845528,73.90858081,18.6,38.2,12.2
17107,7077.9575666,4.2709682963,5.3762267299,14.497481063,69.29509081,18,38.800000000000004,12.7
17109,7860.0088444,4.6195135821,5.717672019,14.146904434,62.10884354,18.5,39.300000000000004,14.7
17111,5730.3529375,3.5933112994,4.5879797608,6.8324635041,82.57872069999999,13.4,34.2,9.2
17113,6618.4676035,3.8076345095,5.1039030113,11.452544978,65.21600649,14.299999999999999,35.4,10.9
17115,10948.534337,4.4431034273,5.5404546214,14.879339397,69.84584853,18.3,37.1,13.700000000000001
17117,9297.8558994,4.4753271548,5.7466582133,14.238897051,77.71212208,18.3,38.1,13.5
17119,9158.9616081,4.3409418943,5.4622647395,12.999120759,73.612469719999993,14.7,35.8,12
17121,12320.420379,4.6589220512,5.8379818216,20.859294577,74.45198836,20.1,38.5,15.1
17123,8393.2264042,4.414319254,5.6139005785,15.413598219,79.71394037,18.9,37,12.9
17125,10740.033781,4.4815271704,5.6450343414,15.688735488,80.55652783000001,16.1,35.199999999999996,14.099999999999998
17127,11124.178766000001,4.8408718145,5.8648955353,13.672999424,79.02225465000001,17.599999999999998,38,14.299999999999999
17129,6370.625201,4.0946602654,5.4286554819,9.900173253,79.42252166,16.8,35.3,11.1
17131,7042.0244561,4.3815513821,5.6469205082,14.189886481,82.72259473,16.400000000000002,36.8,11.200000000000001
17133,5616.5351036,3.5862109011,5.0419623278,14.272257586,83.79609544,12.4,32.6,8.4
17135,11025.13,4.4578602749,5.5934625397,13.561741613,76.26276076,19.1,36.199999999999996,14.2
17137,8190.3296948,4.5407988367,5.5497597757,12.729361359,71.64952381,17.599999999999998,37.3,13.5
17139,8829.9484264,4.4276711318,5.7071588748,11.869021853,77.43043628000001,17.299999999999997,35.6,10.9
17141,7241.4052423,4.1733060927,5.4272693286000004,12.46324317,74.51075139,18.5,35.9,12
17143,10362.346184,4.2284637759,5.2907403363,13.1739011,66.98757039,16.5,35.6,13.100000000000001
17145,9279.1909288,4.8033702345,5.6180233897,23.800272003,78.93420065,21.3,39.5,15.7
17147,6493.1810568,3.8623633626,5.2156532751,14.949470789,85.40359072,14.000000000000002,33.800000000000004,9.8
17149,9047.1189699,4.557266188,5.6841903604,8.2850041425,78.45227859,18.8,37.3,13.900000000000002
17151,12543.073343,4.6603740803000004,5.7730648328,23.872679045,86.07038123000001,18.099999999999998,37.7,15.5
17153,12462.621449,5.1166392307,5.9452077301,18.032458425,67.50805585,21.3,42.8,18.4
17155,7767.7822922,3.9884650632,5.2638263614,7.1787508973,80.71168621,15.6,34.699999999999996,12
17157,8769.4186086,4.5498661632,5.6476384987,20.952507649,76.8314626,18.4,37.7,13.3
17159,10994.456085,4.4626895309,5.5710805646,17.49271137,73.56663021,15.7,37.4,13.900000000000002
17161,8428.7752509,4.4917014089,5.1523434163,12.577105429,68.63152045999999,14.099999999999998,37.4,13.200000000000001
17163,11441.537893,4.1051635141,5.3742710716,10.844141195,67.79003288,16.3,38.2,11.700000000000001
17165,11840.518909,4.7990632547,5.9139805987,19.92463291,74.85047847,20.3,39.6,16.900000000000002
17167,8879.8417711,4.057796058,5.1873506524,18.094523322,70.61454502,16.2,38.3,12
17169,11014.867546,4.5752895943,5.545098081,16.305959087,79.53879941000001,18,39.300000000000004,16.1
17171,9555.100829,4.2722637451,5.4999720977,12.526096033,79.08464567,13.700000000000001,35,12.5
17173,7898.3241421,4.3216334586,5.5590412698,15.895188093,78.53325753,19.7,37.2,12.4
17175,9474.0718812,4.3567458931,5.5467375046,18.709073901,77.63215378,18.4,37.7,13.200000000000001
17177,9373.1916932,4.354817343,5.5737605136,13.752951154,71.00518773,18.3,42.1,13.3
17179,7935.8512404,4.2410789269,5.4630497421,13.701688079,77.52545900999999,14.7,35.199999999999996,11.1
17181,10017.607027,4.700169214,5.7403560293,13.121011511,76.82962106,17.8,37.6,16.7
17183,12430.385006,4.6603688033,5.6920297782,14.100667708,69.23637568,19.8,41,14.299999999999999
17185,8398.3539773,4.5161298096,5.5891210246,21.646973933,75.37625418,18.8,37.6,14.099999999999998
17187,8040.8345606,4.5068455754,5.5214475613,12.840895194,78.11663195,18.099999999999998,37.7,13.4
17189,8640.6841131,4.0922031441,5.4667142012,21.989298541,81.17790982000001,16.5,35.8,10.2
17191,9934.8532919,4.7354392141,5.8445764617,25.831653226,78.94352838,17.299999999999997,37.1,13.900000000000002
17193,10323.770181,4.786443794,5.9144259781,22.770677244,76.27447522,21.099999999999998,38.1,15.2
17195,9513.2103705,4.351993078,5.5398480619,14.087599254,75.46413955999999,15.7,35.3,12.6
17197,6358.271706,3.6162018421,4.8252807257,6.6881279987,82.51958062,12.5,36.6,8.799999999999999
17199,9023.3172271,4.3278039635,5.5032743296,17.692480696,71.13018697,18.6,38.4,14.000000000000002
17201,11175.617656,4.5549710792,5.4998193436,9.6035267269,65.24006271,18.6,38.5,14.499999999999998
17203,5802.5908305,3.7874572797,5.0082565321,15.998741083,83.54189336,16,34.2,9.8
